{
  "total_flows": 4,
  "csv_header": "frame.number,frame.time_epoch,ip.src,ip.dst,ipv6.src,ipv6.dst,sctp.srcport,sctp.dstport,s1ap.RRC_Establishment_Cause,s1ap.ENB_UE_S1AP_ID,s1ap.MME_UE_S1AP_ID,s1ap.radioNetwork,e212.tai.mcc,e212.tai.mnc,s1ap.tAC,s1ap.CellIdentity,_ws.col.info",
  "flows": [
    {
      "flow_no": 1,
      "enb_ue_s1ap_id": 5229,
      "mme_ue_s1ap_id": 53265,
      "pkt_summary_csv": [
        "\"3\",\"1758134413.147843000\",\"10.3.7.72\",\"18.8.23.13\",,,\"36412\",\"36412\",\"3\",\"5229\",,,\"311\",\"480\",\"56835\",\"0x0f308e1b\",\"InitialUEMessage, Tracking area update request\"",
        "\"8\",\"1758134413.147847000\",\"18.8.23.13\",\"10.3.7.72\",,,\"36412\",\"36412\",,\"5229\",\"53265\",,,,,,\"DownlinkNASTransport, Ciphered message\"",
        "\"11\",\"1758134413.147848000\",\"10.3.7.72\",\"18.8.23.13\",,,\"36412\",\"36412\",,\"5229\",\"53265\",,\"311\",\"480\",\"56835\",\"0x0f308e1b\",\"UplinkNASTransport, Ciphered message\"",
        "\"14\",\"1758134413.147851000\",\"18.8.23.13\",\"10.3.7.72\",,,\"36412\",\"36412\",,\"5229\",\"53265\",,,,,,\"UEContextReleaseCommand [NAS-cause=normal-release]\"",
        "\"15\",\"1758134413.147851000\",\"10.3.7.72\",\"18.8.23.13\",,,\"36412\",\"36412\",,\"5229\",\"53265\",,,,,,\"SACK (Ack=2, Arwnd=262144) , UEContextReleaseComplete\""
      ]
    },
    {
      "flow_no": 2,
      "enb_ue_s1ap_id": 53265,
      "mme_ue_s1ap_id": 3663522,
      "pkt_summary_csv": [
        "\"4\",\"1758134413.147844000\",,,\"2001:4888:2010:22:106:4402:1:5273\",\"2001:4888:2010:92:106:28a:0:42\",\"57423\",\"36412\",\"3\",\"53265\",,,\"311\",\"480\",\"56835\",\"0x0f308e1b\",\"InitialUEMessage, Tracking area update request\"",
        "\"7\",\"1758134413.147845000\",,,\"2001:4888:2010:92:106:28a:0:42\",\"2001:4888:2010:22:106:4402:1:5273\",\"36412\",\"57423\",,\"53265\",\"3663522\",,,,,,\"DownlinkNASTransport, Ciphered message\"",
        "\"12\",\"1758134413.147849000\",,,\"2001:4888:2010:22:106:4402:1:5273\",\"2001:4888:2010:92:106:28a:0:42\",\"57423\",\"36412\",,\"53265\",\"3663522\",,\"311\",\"480\",\"56835\",\"0x0f308e1b\",\"UplinkNASTransport, Ciphered message\"",
        "\"13\",\"1758134413.147850000\",,,\"2001:4888:2010:92:106:28a:0:42\",\"2001:4888:2010:22:106:4402:1:5273\",\"36412\",\"57423\",,\"53265\",\"3663522\",,,,,,\"UEContextReleaseCommand [NAS-cause=normal-release]\"",
        "\"16\",\"1758134413.147852000\",,,\"2001:4888:2010:22:106:4402:1:5273\",\"2001:4888:2010:92:106:28a:0:42\",\"57423\",\"36412\",,\"53265\",\"3663522\",,,,,,\"SACK (Ack=2, Arwnd=106496) , UEContextReleaseComplete\""
      ]
    },
    {
      "flow_no": 3,
      "enb_ue_s1ap_id": 1509392,
      "mme_ue_s1ap_id": 3484313,
      "pkt_summary_csv": [
        "\"5\",\"1758134413.147844000\",,,\"2001:4888:2010:92:106:28a:0:42\",\"2001:4888:2010:22:106:4402:1:5273\",\"36412\",\"57423\",,\"1509392\",\"3484313\",\"21\",,,,,\"SACK (Ack=0, Arwnd=131072) , UEContextReleaseCommand [RadioNetwork-cause=radio-connection-with-ue-lost]\"",
        "\"10\",\"1758134413.147848000\",,,\"2001:4888:2010:22:106:4402:1:5273\",\"2001:4888:2010:92:106:28a:0:42\",\"57423\",\"36412\",,\"1509392\",\"3484313\",,,,,,\"UEContextReleaseComplete\""
      ]
    },
    {
      "flow_no": 4,
      "enb_ue_s1ap_id": 5220,
      "mme_ue_s1ap_id": 1509392,
      "pkt_summary_csv": [
        "\"6\",\"1758134413.147845000\",\"18.8.23.13\",\"10.3.7.72\",,,\"36412\",\"36412\",,\"5220\",\"1509392\",\"21\",,,,,\"SACK (Ack=1, Arwnd=106496) , UEContextReleaseCommand [RadioNetwork-cause=radio-connection-with-ue-lost]\"",
        "\"9\",\"1758134413.147847000\",\"10.3.7.72\",\"18.8.23.13\",,,\"36412\",\"36412\",,\"5220\",\"1509392\",,,,,,\"SACK (Ack=1, Arwnd=262144) , UEContextReleaseComplete\""
      ]
    }
  ]
}